City,Cloudiness,Country,Date,Humidity,Lat,Lng,Max Temp,Wind Speed
Oranjemund,0,ZA,1559411910,87,-28.55,16.43,57.47,10.38
Igarka,96,RU,1559411911,96,67.47,86.57,32.81,9.93
Cape Town,0,ZA,1559411676,93,-33.93,18.42,59.0,9.17
Jamestown,46,AU,1559411795,88,-33.21,138.6,49.55,4.43
Katherine,16,AU,1559411911,32,-14.47,132.26,66.2,11.41
Busselton,3,AU,1559411912,52,-33.64,115.35,55.0,14.29
Roald,75,NO,1559411912,76,62.58,6.12,51.8,4.7
Bambous Virieux,75,MU,1559411912,88,-20.34,57.76,77.0,6.93
Cidreira,100,BR,1559411913,81,-30.17,-50.22,63.05,8.93
Rikitea,100,PF,1559411913,76,-23.12,-134.97,73.49,20.96
Camopi,64,GF,1559411913,92,3.17,-52.33,81.95,3.83
Codrington,90,AU,1559411914,93,-28.95,153.24,59.0,3.8
Albany,1,US,1559411914,64,42.65,-73.75,79.0,5.82
Ushuaia,75,AR,1559411859,75,-54.81,-68.31,37.4,14.99
Rabat,0,MA,1559411914,34,34.02,-6.83,84.0,10.29
Nikolskoye,0,RU,1559411915,36,59.7,30.79,63.0,2.24
Ponta do Sol,2,BR,1559411915,57,-20.63,-46.0,77.99,7.34
Devarkonda,78,IN,1559411915,38,16.69,78.91,93.29,6.38
Moussoro,33,TD,1559411916,22,13.64,16.49,99.95,8.3
East London,0,ZA,1559411721,82,-33.02,27.91,64.4,6.93
Hami,1,CN,1559411916,14,42.84,93.51,74.75,21.72
Georgetown,75,GY,1559411735,74,6.8,-58.16,84.2,16.11
San Patricio,86,PY,1559411917,88,-26.98,-56.83,65.57,2.04
Yellowknife,75,CA,1559411917,61,62.45,-114.38,46.4,16.11
Calvinia,16,ZA,1559411703,63,-31.47,19.78,57.65,3.22
Butaritari,92,KI,1559411918,72,3.07,172.79,83.03,4.23
Gat,0,SN,1559411918,54,14.69,-16.54,80.6,18.34
Sorong,92,ID,1559411918,96,-0.86,131.25,75.83,1.66
Ayagoz,5,KZ,1559411919,44,47.96,80.43,58.55,0.98
Hilo,90,US,1559411919,78,19.71,-155.08,75.0,8.05
Saint Anthony,1,US,1559411920,55,43.97,-111.68,66.0,3.36
Salalah,20,OM,1559411920,84,17.01,54.1,86.0,6.93
Marathon,40,CA,1559411920,50,48.72,-86.38,53.6,5.82
Castro,40,CL,1559411921,81,-42.48,-73.76,53.6,13.87
Kapaa,75,US,1559411921,88,22.08,-159.32,77.0,8.05
Bluff,100,AU,1559411921,83,-23.58,149.07,55.85,8.28
New Norfolk,20,AU,1559411921,81,-42.78,147.06,44.6,6.93
Constitucion,90,MX,1559411922,38,23.99,-104.67,79.0,6.26
Punta Arenas,90,CL,1559411922,86,-53.16,-70.91,41.0,25.28
Saint George,20,GR,1559411922,56,39.45,22.34,75.2,6.93
Esperance,40,TT,1559411922,49,10.24,-61.45,90.0,13.87
Longyearbyen,0,NO,1559411923,59,78.22,15.63,35.6,12.75
Upernavik,39,GL,1559411923,87,72.79,-56.15,31.19,3.91
Rorvik,81,NO,1559411923,76,64.86,11.24,46.99,1.01
Lebu,91,ET,1559411924,70,8.96,38.73,62.33,1.68
Barrow,52,AR,1559411924,51,-38.31,-60.23,62.33,12.41
Grand Gaube,75,MU,1559411924,88,-20.01,57.66,77.0,6.93
Parkes,0,AU,1559411924,89,-33.14,148.18,43.0,3.02
Port Elizabeth,1,US,1559411925,47,39.31,-74.98,84.0,5.82
Shingu,100,JP,1559411925,85,33.72,135.99,52.43,3.42
Mahebourg,75,MU,1559411855,88,-20.41,57.7,77.0,6.93
Puerto Ayora,20,EC,1559411926,65,-0.74,-90.35,82.4,19.46
Beloha,10,MG,1559411926,77,-25.17,45.06,67.19,13.27
Hobart,20,AU,1559411926,81,-42.88,147.33,44.6,6.93
Manyana,7,AU,1559411926,93,-35.26,150.51,61.0,6.93
Wilmington,1,US,1559411733,36,39.75,-75.55,84.0,3.36
Isla Vista,90,US,1559411927,82,34.41,-119.86,61.0,5.1
Clarence Town,90,AU,1559411927,100,-32.59,151.78,57.0,8.05
Hermanus,16,ZA,1559411927,93,-34.42,19.24,57.99,13.58
Mokhsogollokh,100,RU,1559411928,92,61.4,128.95,40.91,4.79
Redmond,90,US,1559411876,82,47.67,-122.12,66.0,5.82
Mao,20,DO,1559411928,45,19.55,-71.08,91.0,10.29
Hot Springs,1,US,1559411797,42,34.5,-93.06,88.0,4.7
Gorontalo,77,ID,1559411929,86,0.54,123.06,77.45,3.91
Chirnogeni,20,RO,1559411929,64,43.9,28.23,75.2,5.82
Port Alfred,0,ZA,1559411778,91,-33.59,26.89,62.01,1.99
Vaini,71,IN,1559411929,76,15.34,74.49,81.59,2.26
Mandalgovi,36,MN,1559411930,57,45.76,106.27,49.01,19.93
Piacabucu,55,BR,1559411930,67,-10.41,-36.43,83.93,8.72
Cherskiy,99,RU,1559411931,68,68.75,161.3,42.71,12.44
Sioux Lookout,40,CA,1559411791,37,50.1,-91.92,57.2,20.8
Yulara,0,AU,1559411931,70,-25.24,130.99,46.4,6.93
Severo-Kurilsk,100,RU,1559411931,91,50.68,156.12,40.55,10.98
Kavieng,84,PG,1559411932,75,-2.57,150.8,83.93,11.61
Naranjal,90,PY,1559411932,88,-25.97,-55.19,68.0,4.7
Gamba,50,CN,1559411932,40,28.28,88.52,39.83,7.56
Bethel,90,US,1559411933,87,60.79,-161.76,51.8,4.14
Cabo San Lucas,5,MX,1559411851,48,22.89,-109.91,86.0,11.41
Yar-Sale,19,RU,1559411934,90,66.83,70.83,25.79,7.02
Clyde River,5,CA,1559411934,96,70.47,-68.59,37.4,6.93
Coquimbo,0,CL,1559411934,67,-29.95,-71.34,70.0,12.75
Ballina,90,IE,1559411934,82,54.11,-9.15,62.6,4.7
Unai,6,BR,1559411935,42,-16.36,-46.91,83.75,3.94
Bredasdorp,50,ZA,1559411935,82,-34.53,20.04,55.4,1.12
Pecos,40,US,1559411935,45,31.42,-103.49,87.8,6.93
Kulhudhuffushi,89,MV,1559411935,74,6.62,73.07,85.55,9.93
Egvekinot,20,RU,1559411936,83,66.32,-179.17,29.57,7.38
Saravan,20,AM,1559411936,42,39.72,45.65,75.2,9.17
Turayf,0,SA,1559411936,14,31.68,38.65,96.8,6.93
Hamilton,90,CA,1559411937,68,43.26,-79.87,77.0,6.93
Lompoc,90,US,1559411683,93,34.64,-120.46,61.0,5.82
Christchurch,96,NZ,1559411836,80,-43.53,172.64,41.0,16.11
Chokurdakh,100,RU,1559411937,90,70.62,147.9,31.01,10.63
Susanville,1,US,1559411938,52,40.42,-120.65,66.99,8.05
Leningradskiy,0,RU,1559411938,90,69.38,178.42,30.65,8.95
Saint-Denis,0,FR,1559411938,39,48.94,2.36,84.0,9.17
Sechura,38,PE,1559411939,74,-5.56,-80.82,71.87,14.94
Ä°dil,3,TR,1559411939,32,37.34,41.89,77.81,6.26
Wismar,0,DE,1559411939,60,53.89,11.46,70.0,8.05
Kumbo,92,CM,1559411940,87,6.21,10.69,67.55,2.19
Te Anau,59,NZ,1559411940,96,-45.41,167.72,33.71,2.95
El Alto,75,BO,1559411940,17,-16.5,-68.19,57.2,11.41
Havre-Saint-Pierre,90,CA,1559411941,57,50.23,-63.6,50.0,10.29
Lerwick,100,GB,1559411681,93,60.15,-1.15,53.6,10.29
Mar del Plata,100,AR,1559411941,81,-46.43,-67.52,47.75,13.2
Fredericton,1,CA,1559411941,32,45.97,-66.65,69.01,10.29
Narsaq,40,GL,1559411942,49,60.91,-46.05,48.2,8.05
Lufilufi,20,WS,1559411942,100,-13.87,-171.6,69.8,4.7
Delemont,0,CH,1559411942,39,47.36,7.34,82.4,2.24
Luau,89,CD,1559411942,40,-10.7,22.23,67.01,2.51
Saskylakh,6,RU,1559411943,76,71.97,114.09,39.11,9.71
Newport,98,GB,1559411943,56,51.59,-3.0,75.99,12.75
Sitka,17,US,1559411944,61,37.17,-99.65,77.0,11.99
Yarmouth,0,GB,1559411944,68,50.71,-1.5,73.4,9.17
Atuona,0,PF,1559411944,77,-9.8,-139.03,81.77,12.41
Airai,76,TL,1559411944,75,-8.93,125.41,74.03,10.42
Kodiak,1,US,1559411945,24,39.95,-94.76,84.99,11.83
Touros,20,BR,1559411945,62,-5.2,-35.46,86.0,11.41
Rawson,90,AR,1559411946,45,-43.3,-65.11,57.65,8.16
Chuy,4,UY,1559411946,59,-33.69,-53.46,62.33,5.73
Araouane,30,ML,1559411946,7,18.9,-3.53,105.35,9.44
Belaya Gora,0,RU,1559411947,65,68.54,146.19,49.01,4.05
Arraial do Cabo,20,BR,1559411947,83,-22.97,-42.02,80.6,9.17
Saint-Philippe,90,CA,1559411947,42,45.36,-73.48,66.99,3.36
Thompson,90,CA,1559411948,46,55.74,-97.86,42.8,8.05
Nefteyugansk,75,RU,1559411948,75,61.09,72.61,44.6,4.74
Tiksi,35,RU,1559411948,96,71.64,128.87,32.09,6.22
Hithadhoo,100,MV,1559411949,78,-0.6,73.08,84.11,9.91
Mataura,42,NZ,1559411949,91,-46.19,168.86,43.07,4.32
Arman,86,RU,1559411949,94,59.7,150.17,40.37,2.86
Avarua,0,CK,1559411950,88,-21.21,-159.78,75.2,10.29
Kuching,75,MY,1559411788,100,1.56,110.34,78.8,3.36
Sao Filipe,6,CV,1559411950,86,14.9,-24.5,73.13,18.86
Barra do Garcas,75,BR,1559411950,41,-15.89,-52.26,93.2,4.7
Dolores,99,AR,1559411951,65,-36.31,-57.68,63.05,10.13
Pimentel,96,BR,1559411951,92,-3.7,-45.5,82.13,3.29
Ndioum,0,SN,1559411952,11,16.51,-14.65,105.17,14.74
Qaanaaq,100,GL,1559411952,85,77.48,-69.36,26.69,6.85
Raudeberg,38,NO,1559411952,70,61.99,5.14,50.0,10.29
Havoysund,100,NO,1559411952,93,71.0,24.66,41.0,24.16
Santa Fe,95,AR,1559411736,77,-31.62,-60.7,64.0,4.0
Thunder Bay,75,CA,1559411953,58,48.41,-89.26,62.01,10.29
Srednekolymsk,0,RU,1559411953,77,67.46,153.71,38.75,9.93
Cayenne,20,GF,1559411722,66,4.94,-52.33,87.8,12.75
Bathsheba,20,BB,1559411954,66,13.22,-59.52,86.0,18.34
Isangel,100,VU,1559411954,75,-19.55,169.27,74.39,16.6
Samarai,100,PG,1559411954,92,-10.62,150.67,74.03,5.82
Vila Franca do Campo,75,PT,1559411955,94,37.72,-25.43,68.0,6.93
Maceio,40,BR,1559411811,58,-9.67,-35.74,84.2,11.41
Bintulu,75,MY,1559411955,94,3.17,113.03,80.6,3.36
Mareeba,90,AU,1559411956,77,-16.99,145.42,69.8,14.99
Norman Wells,90,CA,1559411956,71,65.28,-126.83,51.8,8.05
Caxito,20,BR,1559411956,74,-22.65,-42.51,80.6,10.29
Scicli,20,IT,1559411957,63,36.79,14.7,66.2,6.93
Diban,5,SY,1559411957,12,35.02,40.51,98.87,12.48
Podosinovets,36,RU,1559411957,65,60.28,47.06,52.25,5.88
Ziarat,0,PK,1559411958,23,30.38,67.73,69.17,10.58
Chongwe,0,ZM,1559411958,37,-15.33,28.68,66.2,2.24
Flinders,5,AU,1559411958,93,-34.58,150.85,61.0,6.93
May Pen,20,JM,1559411959,74,17.97,-77.26,86.0,14.99
Changji,37,CN,1559411959,67,32.07,116.17,70.43,4.56
Nouna,100,BF,1559411959,36,12.73,-3.87,97.25,5.08
Pindiga,20,NG,1559411959,49,9.98,10.93,89.6,14.99
Plouzane,0,FR,1559411960,49,48.38,-4.62,78.8,14.99
Sunrise Manor,1,US,1559411960,21,36.21,-115.07,87.01,10.29
Lagdo,75,CM,1559411960,52,9.06,13.67,91.4,6.93
La Orilla,100,MX,1559411960,74,18.0,-102.23,81.77,10.02
Port Hardy,90,CA,1559411961,76,50.7,-127.42,55.4,4.7
Tura,0,IN,1559411961,80,25.52,90.21,77.63,5.41
Aklavik,20,CA,1559411961,65,68.22,-135.01,51.8,10.29
Hasaki,75,JP,1559411961,100,35.73,140.83,63.0,1.12
Sol-Iletsk,82,RU,1559411962,54,51.16,55.0,76.19,6.33
Naze,75,NG,1559411962,94,5.43,7.07,77.0,5.82
Khulna,36,BD,1559411962,76,22.82,89.55,83.75,8.84
Praya,20,ID,1559411963,78,-8.71,116.27,78.8,13.87
Antequera,48,PY,1559411963,75,-24.09,-57.2,69.71,5.53
Klaksvik,100,FO,1559411963,81,62.23,-6.59,44.6,12.75
Broken Hill,90,AU,1559411964,76,-31.97,141.45,50.0,14.99
Grindavik,20,IS,1559411964,53,63.84,-22.43,53.6,12.75
Waipawa,94,NZ,1559411964,81,-39.94,176.59,44.01,10.0
Dicabisagan,100,PH,1559411964,85,17.08,122.42,77.63,3.29
Okhotsk,94,RU,1559411965,94,59.36,143.24,38.75,3.96
Dikson,89,RU,1559411965,95,73.51,80.55,31.73,13.49
Champerico,90,MX,1559411965,69,16.38,-93.6,78.8,2.24
Albina,33,GF,1559411965,90,5.5,-54.06,81.95,5.48
Chegutu,0,ZW,1559411966,38,-18.13,30.15,60.71,2.68
Vanimo,80,PG,1559411966,76,-2.67,141.3,83.57,15.23
Durant,1,US,1559411882,54,33.99,-96.37,89.01,3.36
Ostrovnoy,97,RU,1559411966,56,68.05,39.51,48.29,18.1
Ritchie,0,ZA,1559411967,62,-29.03,24.6,53.6,4.7
Zhanaozen,21,KZ,1559411967,29,43.35,52.85,84.47,9.53
Vila,0,IT,1559411967,31,45.18,8.4,82.0,8.05
Mayo,90,CA,1559411968,87,63.59,-135.9,50.0,4.7
Shenkursk,3,RU,1559411968,48,62.11,42.91,53.87,6.64
Luderitz,0,NA,1559411968,93,-26.65,15.16,53.6,11.41
Khatanga,54,RU,1559411968,91,71.98,102.47,41.09,7.81
Sholokhove,58,UA,1559411969,54,47.69,34.03,78.35,4.88
Nanortalik,2,GL,1559411969,81,60.14,-45.24,36.59,8.46
Chapais,75,CA,1559411969,53,49.78,-74.86,50.0,10.29
Mastic Beach,1,US,1559411834,56,40.77,-72.85,80.01,5.82
Victoria,75,BN,1559411678,94,5.28,115.24,82.4,2.8
Geraldton,75,CA,1559411970,30,49.72,-86.95,57.2,3.36
Pisco,0,PE,1559411971,30,-13.71,-76.2,71.6,10.29
Qaqortoq,40,GL,1559411971,49,60.72,-46.03,48.2,8.05
Quimperle,0,FR,1559411971,50,47.87,-3.55,77.0,5.82
Waingapu,60,ID,1559411972,87,-9.65,120.26,73.85,11.5
Seminole,40,US,1559411972,51,32.72,-102.64,89.01,11.41
Kinel-Cherkassy,57,RU,1559411972,83,53.47,51.47,68.63,7.25
Owensboro,1,US,1559411881,54,37.77,-87.11,82.4,4.7
Inhambane,20,MZ,1559411973,88,-23.87,35.38,68.0,3.36
Pecanha,0,BR,1559411973,42,-18.55,-42.56,83.03,2.15
Zaragoza,0,ES,1559411973,20,41.65,-0.88,91.99,5.82
Vila Velha,20,BR,1559411691,62,-3.71,-38.6,86.0,17.22
Bogorodskoye,100,RU,1559411974,98,52.37,140.44,40.19,6.17
Canto do Buriti,73,BR,1559411974,53,-8.11,-42.94,86.81,4.38
Nhulunbuy,90,AU,1559411974,69,-12.18,136.78,77.0,17.22
Brighton,0,GB,1559411975,68,50.82,-0.14,77.0,5.82
Carnarvon,26,ZA,1559411975,40,-30.97,22.13,56.93,5.26
Kijang,0,KR,1559411976,77,35.24,129.21,60.8,3.36
Aripuana,32,BR,1559411976,47,-9.17,-60.63,92.57,2.15
Tuy Hoa,81,VN,1559411976,85,13.08,109.3,76.55,1.79
Sao Miguel do Araguaia,0,BR,1559411772,31,-13.28,-50.16,94.01,2.98
Marakkanam,97,IN,1559411977,64,12.2,79.95,88.43,16.28
Karmala,74,IN,1559411977,49,18.41,75.19,88.25,18.68
Sur,0,OM,1559411977,40,22.57,59.53,95.45,7.72
La Ronge,20,CA,1559411722,40,55.1,-105.3,51.8,13.87
Likasi,63,CD,1559411978,60,-10.99,26.74,59.27,3.49
Dzilam Gonzalez,85,MX,1559411978,74,21.28,-88.93,85.19,13.56
Bowen,90,AU,1559411978,88,-20.01,148.25,64.0,6.76
Keningau,75,MY,1559411979,88,5.33,116.16,80.6,5.82
Bankura,44,IN,1559411979,70,23.24,87.07,86.0,9.17
Xuddur,100,SO,1559411979,68,4.12,43.89,78.35,16.24
Kutum,22,SD,1559411980,9,14.2,24.66,91.13,6.76
Movila,20,RO,1559411980,83,44.77,25.57,73.0,5.82
Makakilo City,75,US,1559411980,69,21.35,-158.09,80.6,11.41
Kidal,55,ML,1559411981,5,18.44,1.41,102.83,11.52
Jimo,0,CN,1559411981,60,36.39,120.46,69.8,13.42
Saldanha,0,PT,1559411981,22,41.42,-6.55,84.65,12.17
Gudur,93,IN,1559411981,53,14.15,79.85,91.13,7.74
Provideniya,17,RU,1559411982,72,64.42,-173.23,41.45,2.24
Zeya,9,RU,1559411982,81,53.74,127.27,39.83,3.96
Sorland,5,NO,1559411982,82,67.67,12.69,43.25,19.13
Coahuayana,100,MX,1559411983,36,18.62,-100.35,97.25,2.64
Itarema,64,BR,1559411983,72,-2.92,-39.92,85.01,10.25
Tuatapere,58,NZ,1559411983,70,-46.13,167.69,50.99,19.64
Karratha,0,AU,1559411984,14,-20.74,116.85,65.39,16.28
San Roque,75,EC,1559411984,43,0.3,-78.23,71.6,5.82
Porto Velho,40,BR,1559411985,84,-8.75,-63.87,89.6,3.36
Chicama,0,PE,1559411985,77,-7.84,-79.15,69.8,11.41
Sept-Iles,40,CA,1559411726,50,50.2,-66.38,53.6,13.87
West Wendover,1,US,1559411985,55,40.74,-114.07,66.2,4.7
Ponerihouen,100,NC,1559411986,85,-21.08,165.4,60.89,2.68
Staryy Nadym,49,RU,1559411986,87,65.61,72.68,29.21,1.79
Lac du Bonnet,23,CA,1559411986,35,50.25,-96.06,60.01,4.0
Umm Lajj,78,SA,1559411986,64,25.02,37.27,88.25,4.29
Pesqueira,73,BR,1559411987,59,-8.36,-36.7,81.23,7.43
Winnemucca,1,US,1559411987,55,40.97,-117.74,66.0,9.17
Nagtipunan,100,PH,1559411987,84,16.22,121.6,75.47,3.0
Broome,0,GB,1559411987,60,52.47,1.45,75.2,11.41
Praia,20,BR,1559411988,30,-20.25,-43.81,84.2,9.17
Lakatoro,30,VU,1559411988,73,-16.11,167.42,78.17,15.73
Ponta Delgada,75,PT,1559411988,94,37.73,-25.67,68.0,6.93
Vagay,0,RU,1559411989,61,57.94,69.02,49.73,3.09
Haines Junction,81,CA,1559411989,42,60.75,-137.51,48.83,7.2
Guerrero Negro,66,MX,1559411989,76,27.97,-114.04,64.31,7.58
Matane,40,CA,1559411703,67,48.83,-67.52,57.2,16.11
Daru,77,SL,1559411990,91,7.99,-10.85,79.61,4.12
Talnakh,90,RU,1559411990,100,69.49,88.39,30.2,8.95
Novyy Urgal,92,RU,1559411990,92,51.07,132.56,43.25,1.25
Faranah,82,GN,1559411990,67,10.04,-10.74,85.19,7.14
Napier,97,NZ,1559411991,63,-39.49,176.92,52.0,11.01
Ribeira Grande,75,PT,1559411741,88,38.52,-28.7,69.8,14.99
Caravelas,0,BR,1559411991,55,-17.73,-39.27,86.81,4.79
Eruwa,96,NG,1559411991,66,7.53,3.42,83.03,6.33
Volsk,85,RU,1559411992,59,52.04,47.39,74.75,5.57
Portland,20,US,1559411879,67,45.52,-122.67,72.0,5.82
Pevek,5,RU,1559411992,84,69.7,170.27,33.53,12.06
Wolbrom,40,PL,1559411993,68,50.38,19.76,71.01,5.82
Santiago,75,CL,1559411884,41,-33.44,-70.65,64.0,5.7
Saint-Augustin,0,FR,1559411994,33,44.83,-0.61,89.6,9.17
Sangar,73,RU,1559411994,83,63.92,127.47,47.57,4.81
Qarqin,0,AF,1559411994,24,37.41,66.03,86.09,11.45
Dalvik,78,SE,1559411995,71,57.79,14.13,57.0,21.92
Kushima,77,JP,1559411995,85,31.5,131.29,68.0,3.33
Saint-Pierre,0,FR,1559411974,42,48.95,4.24,82.4,4.18
Wodonga,0,AU,1559411996,93,-36.12,146.89,44.01,4.21
Calatayud,0,ES,1559411996,25,41.35,-1.64,91.0,5.82
Goderich,90,CA,1559411997,70,43.74,-81.71,68.0,7.0
Bhusawal,34,IN,1559411997,37,21.05,75.78,95.45,15.21
Khandyga,97,RU,1559411997,67,62.65,135.58,49.01,2.84
Brae,100,GB,1559411997,87,60.4,-1.35,53.6,10.29
Plettenberg Bay,64,ZA,1559411998,88,-34.05,23.37,57.47,0.92
Conde,13,BR,1559411998,79,-11.81,-37.61,80.15,6.29
Carandai,40,BR,1559411731,47,-20.95,-43.81,77.0,6.93
Ploemeur,0,FR,1559411999,50,47.73,-3.43,77.0,5.82
Yeniseysk,24,RU,1559411999,81,58.45,92.17,36.95,5.95
Tuktoyaktuk,20,CA,1559411999,77,69.44,-133.03,46.4,13.87
Resistencia,90,AR,1559411999,88,-27.45,-58.99,64.4,4.7
Camden,1,US,1559411752,47,39.94,-75.12,84.0,3.36
Vaasa,90,FI,1559412000,87,63.1,21.62,50.0,1.12
Fernandina Beach,1,US,1559412000,40,30.67,-81.46,96.01,11.41
Lagoa,0,PT,1559412002,44,37.14,-8.45,78.01,6.93
Fortuna,0,ES,1559412005,33,38.18,-1.13,78.01,8.05
Namibe,21,AO,1559412005,85,-15.19,12.15,66.83,11.32
Ancud,40,CL,1559412005,81,-41.87,-73.83,53.6,13.87
Itoman,75,JP,1559412006,94,26.12,127.67,78.8,14.99
Uruzgan,2,AF,1559412006,32,32.93,66.63,61.43,4.94
Kawalu,95,ID,1559412006,96,-7.38,108.21,67.73,3.47
Torbay,90,CA,1559412007,75,47.66,-52.73,46.99,10.29
Aljezur,0,PT,1559412007,52,37.31,-8.8,78.01,4.0
Tigil,90,RU,1559412008,86,57.8,158.67,46.85,4.09
Voyvozh,100,RU,1559412008,90,62.89,54.96,51.89,7.67
Kaitangata,35,NZ,1559412008,85,-46.28,169.85,41.0,4.0
Port Moresby,75,PG,1559412009,94,-9.47,147.16,75.2,9.17
Ligatne,100,LV,1559412009,68,57.23,25.04,63.0,1.01
Poum,75,MK,1559412009,63,41.28,20.71,60.8,2.24
Half Moon Bay,5,US,1559411907,77,37.46,-122.43,75.99,5.82
Namatanai,92,PG,1559412010,88,-3.66,152.44,78.35,12.08
Harer,1,US,1559412010,51,42.19,-111.17,69.01,3.27
Baykit,11,RU,1559412010,78,61.68,96.39,36.77,3.89
Banda Aceh,100,ID,1559412010,69,5.56,95.32,83.93,4.81
Rognan,75,NO,1559411840,75,67.1,15.4,44.6,16.11
Maebaru,100,JP,1559412011,77,33.55,130.2,69.01,1.12
Karad,66,IN,1559412011,79,17.29,74.18,77.27,8.63
Shubarkuduk,76,KZ,1559412012,37,49.15,56.49,79.25,4.32
Port-Gentil,20,GA,1559412012,83,-0.72,8.78,78.8,11.41
Pitimbu,40,BR,1559411923,62,-7.47,-34.81,86.0,9.17
Nizhniy Tsasuchey,60,RU,1559412012,46,50.52,115.13,53.15,2.13
Sindor,59,RU,1559412013,86,62.87,51.9,49.91,5.14
Vardo,1,US,1559412013,42,39.62,-77.74,84.0,5.82
Ilulissat,20,GL,1559412013,65,69.22,-51.1,41.0,8.05
Mamontovo,58,RU,1559412014,78,52.71,81.63,47.57,6.4
Saucillo,0,MX,1559412014,31,28.03,-105.29,89.69,11.86
Esmeraldas,20,BR,1559412014,37,-19.76,-44.31,84.2,8.05
Nome,40,US,1559412015,58,30.04,-94.42,90.0,4.7
Kruisfontein,32,ZA,1559412015,91,-34.0,24.73,56.21,0.25
Tieling,100,CN,1559412015,48,42.29,123.84,65.21,15.46
Belem de Sao Francisco,70,BR,1559412016,44,-8.75,-38.97,87.89,8.88
Charleston,1,US,1559412002,64,38.35,-81.63,78.01,3.89
Itupiranga,75,BR,1559412016,63,-5.13,-49.33,91.4,4.7
Cururupu,77,BR,1559412016,90,-1.82,-44.87,82.67,3.87
Antonina,90,BR,1559411730,77,-25.43,-48.71,68.0,3.36
Porto Novo,75,BR,1559412017,54,-23.68,-45.44,80.6,9.17
Colares,0,PT,1559412017,32,38.8,-9.45,88.0,13.87
Serebryansk,30,KZ,1559412018,91,49.68,83.3,53.33,4.88
Kamenka,73,RU,1559412018,93,53.19,44.05,61.25,5.08
Fare,0,PF,1559412018,68,-16.7,-151.02,80.51,6.17
Rudnichnyy,47,RU,1559412018,59,59.7,60.29,55.85,7.49
Hambantota,100,LK,1559412019,82,6.12,81.12,83.03,16.89
Poya,100,NC,1559412019,70,-21.35,165.16,72.41,14.18
North Battleford,1,CA,1559412019,32,52.78,-108.3,73.0,12.75
Rafaela,96,AR,1559411889,65,-31.25,-61.49,64.99,1.01
Abnub,0,EG,1559412020,29,27.27,31.15,98.6,13.87
Ejigbo,93,NG,1559412020,70,7.9,4.32,81.23,4.99
Conceicao do Araguaia,36,BR,1559412021,49,-8.26,-49.26,90.41,4.81
Teyateyaneng,14,LS,1559412021,41,-29.15,27.74,47.93,1.86
Ouadda,97,CF,1559412021,85,8.07,22.4,73.49,3.42
Moree,90,AU,1559412008,62,-29.46,149.84,52.0,6.93
Hofn,99,IS,1559411999,76,64.25,-15.21,31.19,5.82
Lokosovo,25,RU,1559412022,71,61.13,74.84,43.97,5.06
Banjarmasin,86,ID,1559412022,90,-3.32,114.59,78.35,5.21
Faya,75,SA,1559412022,87,18.39,42.45,60.8,9.17
Chalons-en-Champagne,0,FR,1559412023,42,48.95,4.37,82.4,4.18
Vestmanna,100,FO,1559412023,81,62.16,-7.17,44.6,12.75
Eastbourne,0,ZA,1559412023,37,-27.81,30.13,47.39,1.25
Tiarei,75,PF,1559412023,73,-17.53,-149.33,77.0,1.12
Santa Rosa del Sur,100,CO,1559412024,54,7.96,-74.05,87.35,2.66
Rostovka,20,RU,1559412024,93,55.02,73.58,55.4,4.47
Iqaluit,20,CA,1559412025,36,63.75,-68.52,35.6,4.7
Fairbanks,90,US,1559411761,93,64.84,-147.72,54.0,19.46
Faanui,0,PF,1559412025,72,-16.48,-151.75,81.23,8.3
Dunedin,68,NZ,1559412026,80,-45.87,170.5,41.0,15.99
Soyo,20,AO,1559412026,78,-6.13,12.37,77.0,8.05
Buin,75,CL,1559412026,41,-33.73,-70.74,64.0,0.98
Fort Nelson,90,CA,1559412026,87,58.81,-122.69,53.6,7.54
Burnie,41,AU,1559412027,85,-41.05,145.91,44.01,1.99
Bilma,51,NE,1559412027,14,18.69,12.92,100.49,5.66
Bazhovo,40,RU,1559412027,63,55.06,61.61,66.2,4.47
Coihaique,90,CL,1559412028,93,-45.58,-72.07,37.4,3.27
Katsuura,75,JP,1559412028,88,33.93,134.5,68.0,2.24
Anshun,28,CN,1559412028,71,26.25,105.93,56.75,3.4
Lavrentiya,50,RU,1559412028,71,65.58,-170.99,40.55,5.12
Laguna,75,MX,1559412029,65,27.52,-110.01,80.6,9.17
Cabinda,20,AO,1559412029,78,-5.56,12.19,77.0,8.05
Kiama,2,AU,1559412029,93,-34.67,150.86,61.0,6.93
Luwuk,99,ID,1559412030,99,-0.95,122.79,66.47,2.98
Neepawa,75,CA,1559412030,32,50.23,-99.46,66.2,14.99
Teteven,40,BG,1559412030,56,42.92,24.26,73.4,2.24
Tecoanapa,90,MX,1559412031,70,16.99,-99.26,86.0,6.08
Shelburne,1,CA,1559412031,72,44.08,-80.2,73.99,3.36
Mayskiy,59,RU,1559412031,50,43.63,44.06,75.2,2.24
Yerbogachen,57,RU,1559412031,49,61.28,108.01,50.63,6.08
Mount Isa,0,AU,1559412032,37,-20.73,139.49,53.6,11.41
Lima,90,PE,1559412002,82,-12.06,-77.04,66.2,6.93
Altamira,75,BR,1559411935,83,-3.2,-52.21,84.2,5.82
Anadyr,0,RU,1559412033,60,64.73,177.51,42.8,8.95
Oytal,100,KZ,1559412033,54,42.91,73.27,70.25,14.52
Fatehabad,20,IN,1559412033,26,27.03,78.3,93.2,4.7
San Zenon,100,CO,1559412034,68,9.24,-74.5,87.17,5.44
Wamba,100,CD,1559412034,93,2.14,27.99,72.23,3.65
Lodja,98,CD,1559412034,91,-3.52,23.6,72.95,1.99
Bhan,0,PK,1559412035,16,26.56,67.72,106.43,12.95
Ekpoma,87,NG,1559412035,91,6.74,6.14,76.91,5.68
Lalsk,54,RU,1559412035,63,60.74,47.59,51.89,4.56
Dukat,5,RS,1559412035,81,42.44,22.31,54.95,5.17
Toamasina,40,MG,1559412036,94,-18.17,49.38,71.6,5.82
Gawler,75,AU,1559412036,76,-34.6,138.75,55.0,5.82
Ruteng,66,ID,1559412036,83,-8.61,120.46,74.03,3.83
Klyuchi,47,RU,1559412037,67,52.25,79.17,54.05,10.6
Kiruna,69,SE,1559412037,45,67.86,20.23,46.4,13.87
Vagur,100,FO,1559412037,93,61.47,-6.81,45.41,21.3
Mach,0,PK,1559412037,20,29.87,67.33,76.91,8.55
Lagos,40,NG,1559412038,78,6.46,3.39,82.4,6.93
Andrews,1,US,1559412038,54,32.32,-102.55,86.0,13.87
Tasiilaq,20,GL,1559412038,74,65.61,-37.64,35.6,5.82
Dakar,0,SN,1559411513,54,14.69,-17.45,80.6,18.34
Rabo de Peixe,75,PT,1559412039,94,37.8,-25.58,68.0,6.93
Esil,20,KZ,1559412039,62,51.96,66.41,68.09,6.46
Sao Joao da Barra,0,BR,1559412039,62,-21.64,-41.05,86.0,9.17
Sudak,100,UA,1559412039,79,44.85,34.97,69.89,3.42
Talcahuano,90,CL,1559412040,93,-36.72,-73.12,57.2,16.11
Jipijapa,40,EC,1559412040,66,-1.35,-80.58,84.2,10.29
Miyako,100,JP,1559412040,77,33.63,130.94,69.8,1.12
Grootfontein,17,NA,1559412040,27,-19.56,18.1,64.85,3.94
Viedma,42,AR,1559412041,46,-40.81,-62.99,62.15,17.27
Pacific Grove,20,US,1559411754,77,36.62,-121.92,62.6,6.93
Alzenau,0,DE,1559412041,37,50.08,9.07,86.0,3.36
Davila,86,PH,1559412042,74,18.47,120.58,84.47,5.66
Massakory,36,TD,1559412042,37,13.0,15.73,91.67,11.05
San Juan,75,PR,1559412011,65,18.47,-66.12,87.01,13.87
Ulagan,100,RU,1559412044,92,50.63,87.96,41.45,6.46
Bonthe,70,SL,1559412044,73,7.53,-12.5,83.21,9.82
Gambela,96,ET,1559412045,79,8.25,34.59,70.97,3.65
Zhigansk,89,RU,1559412045,65,66.77,123.37,50.63,3.13
Timizart,0,DZ,1559412045,72,36.8,4.25,68.09,17.02
Punta Alta,90,AR,1559412045,77,-27.46,-55.82,68.0,2.24
Ketchikan,75,US,1559412046,71,55.34,-131.65,53.6,13.87
Jalu,100,LY,1559412046,23,29.03,21.55,91.31,20.2
Salto,99,UY,1559412046,66,-31.39,-57.96,69.01,1.99
Huarmey,100,PE,1559412047,88,-10.07,-78.15,63.59,16.49
Port Lincoln,21,AU,1559412047,71,-34.72,135.86,59.27,6.44
Arbazh,100,RU,1559412047,81,57.68,48.31,57.47,5.73
Hundorp,25,NO,1559412048,88,61.55,9.94,46.0,5.48
Prince Rupert,90,CA,1559412048,87,54.32,-130.32,51.8,8.05
Corbelia,90,BR,1559412048,78,-24.8,-53.31,71.6,12.75
Vostok,27,RU,1559412049,97,46.45,135.83,44.33,4.56
Sao Joao da Ponte,0,BR,1559412049,32,-15.93,-44.01,90.59,2.08
Portsmouth,0,GB,1559412050,60,50.8,-1.08,75.99,4.7
Emerald,90,AU,1559412051,58,-23.53,148.16,57.2,6.93
Kargil,69,PK,1559412051,43,34.56,76.13,45.41,4.63
Mount Gambier,75,AU,1559412051,100,-37.83,140.78,48.2,6.93
Svetlogorsk,40,RU,1559412052,56,53.14,59.15,68.0,6.71
Spencer,1,US,1559412052,68,43.14,-95.14,71.6,11.41
Kozulka,0,UA,1559412052,60,50.04,23.8,69.8,6.71
Golden,20,CA,1559412053,49,51.3,-116.96,69.8,5.82
Wajima,100,JP,1559412053,78,37.4,136.9,65.03,5.35
Port Blair,100,IN,1559412053,75,11.67,92.75,85.55,7.99
Tefe,40,BR,1559412054,70,-3.35,-64.71,86.0,5.82
Narasannapeta,95,IN,1559412054,80,18.42,84.04,85.55,5.82
Hay River,75,CA,1559412054,43,60.82,-115.79,55.4,20.8
Merauke,88,ID,1559412055,81,-8.49,140.4,81.41,25.84
Ahipara,84,NZ,1559412055,65,-35.17,173.16,57.83,27.4
Paamiut,95,GL,1559412055,95,61.99,-49.67,35.33,7.87
Alofi,0,NU,1559412055,100,-19.06,-169.92,59.0,1.12
Alcantara,79,PH,1559412056,88,9.97,123.41,74.39,5.57
Kasese,64,UG,1559412056,61,0.17,30.09,70.43,2.89
Avera,40,US,1559412056,31,33.19,-82.53,93.99,8.05
Iranshahr,20,IR,1559412057,12,27.21,60.69,98.6,4.7
Ust-Koksa,38,RU,1559412057,90,50.27,85.62,41.63,7.49
Santa Maria,90,BR,1559412058,88,-29.69,-53.81,62.6,9.17
Mandurah,0,AU,1559412058,65,-32.55,115.7,59.0,5.82
Moose Factory,90,CA,1559412059,93,51.26,-80.61,42.8,10.29
Medea,0,DZ,1559412059,56,36.27,2.77,73.4,16.11
Fukue,75,JP,1559412059,82,35.03,136.69,68.0,4.7
Plaster Rock,40,CA,1559412060,34,46.91,-67.4,66.99,6.78
Lasem,64,ID,1559412060,75,-6.99,112.52,77.99,3.8
Purpe,64,RU,1559412060,88,64.48,76.69,34.0,5.23
Borogontsy,1,RU,1559412060,90,62.67,131.17,42.17,4.41
Andi,100,CN,1559412061,96,28.97,119.64,65.93,0.81
Santiago de Cao,0,PE,1559412061,77,-7.96,-79.24,69.8,11.41
Nouadhibou,0,MR,1559412061,68,20.93,-17.03,71.6,18.34
Wuda,4,CN,1559412062,15,39.5,106.72,69.71,12.3
Mujiayingzi,5,CN,1559412062,65,42.12,118.78,54.59,9.93
Ponnani,40,IN,1559412062,79,10.77,75.93,86.0,1.12
Hobe Sound,75,US,1559412062,66,27.06,-80.14,95.0,9.17
Sinnamary,100,GF,1559412063,78,5.38,-52.96,82.31,12.62
Ovsyanka,13,RU,1559412063,86,53.58,126.91,43.07,2.62
Lujan,100,AR,1559412063,81,-46.57,-67.67,47.75,13.2
Gravdal,75,NO,1559412064,71,59.79,5.78,53.01,2.24
Wasilla,90,US,1559412045,81,61.58,-149.44,52.0,5.55
Songea,20,TZ,1559412064,72,-10.68,35.65,64.4,3.36
Kununurra,7,AU,1559412017,28,-15.77,128.74,68.0,14.99
Brookings,1,US,1559411806,59,44.31,-96.8,68.0,14.99
Kenai,75,US,1559412011,76,60.55,-151.26,55.0,9.17
Upington,0,ZA,1559412065,36,-28.46,21.24,62.6,5.82
Barreiras,16,BR,1559412066,37,-12.14,-45.0,87.35,4.34
Victoria,75,BN,1559412066,94,5.28,115.24,82.4,2.8
Alyangula,90,AU,1559412066,53,-13.85,136.42,75.2,9.17
Thinadhoo,86,MV,1559412067,75,0.53,72.93,84.47,10.76
Valparaiso,40,US,1559412067,61,41.47,-87.06,86.0,8.05
Florence,40,US,1559411949,44,34.8,-87.68,84.99,5.82
Llangefni,80,GB,1559412068,72,53.26,-4.31,62.6,3.36
Kampot,20,KH,1559412068,88,10.62,104.18,80.6,6.46
Ati,68,TD,1559412068,23,13.21,18.34,100.49,3.62
Khorinsk,88,RU,1559412068,89,52.16,109.78,42.71,4.92
Povenets,93,RU,1559412069,52,62.85,34.83,54.05,6.08
Chadiza,15,ZM,1559412069,63,-14.06,32.43,57.47,5.44
Ngunguru,2,NZ,1559412069,94,-35.62,174.5,45.0,17.25
Alta Floresta,75,BR,1559412043,52,-9.87,-56.08,91.4,4.03
Nara,97,JP,1559412070,72,34.68,135.8,68.0,6.93
Shaowu,100,CN,1559412070,98,27.34,117.49,67.01,0.65
Dhidhdhoo,91,MV,1559412070,74,6.88,73.1,85.55,9.98
Hearst,0,CA,1559412017,22,49.69,-83.67,64.31,3.71
Bulgan,18,MN,1559412071,80,48.81,103.53,40.55,1.36
Micheweni,0,TZ,1559412071,70,-4.97,39.83,81.95,17.67
Bayan,80,MN,1559412071,78,47.25,107.54,43.07,18.81
Khuzdar,10,PK,1559412072,16,27.8,66.62,85.73,8.79
Quelimane,40,MZ,1559412072,78,-17.88,36.89,73.4,5.82
Bilibino,93,RU,1559412072,96,68.06,166.44,34.25,5.12
Los Llanos de Aridane,0,ES,1559412073,73,28.66,-17.92,71.6,14.99
Marrakesh,40,MA,1559412073,11,31.63,-7.99,102.2,14.99
Biak,99,ID,1559412073,99,-0.91,122.88,66.47,2.98
Rosetown,9,CA,1559412073,33,51.55,-107.99,72.0,1.99
Port Hedland,0,AU,1559412074,30,-20.31,118.58,53.6,8.05
Moses Lake,1,US,1559411880,37,47.13,-119.28,81.0,3.36
Rome,40,IT,1559411996,60,41.89,12.48,75.2,6.93
Marsa Matruh,40,EG,1559412024,83,31.35,27.25,73.4,10.29
Puerto Colombia,40,CO,1559412075,70,10.99,-74.96,87.8,9.17
Quesnel,90,CA,1559412075,42,52.98,-122.49,68.0,4.7
Grand Island,1,US,1559412008,56,40.92,-98.34,73.99,14.99
Pangnirtung,20,CA,1559412075,42,66.15,-65.72,46.4,13.87
Honiara,62,SB,1559412076,78,-9.43,159.96,82.49,16.98
Payson,90,US,1559411847,59,40.04,-111.73,71.01,7.25
Kahului,20,US,1559411945,64,20.89,-156.47,75.99,14.83
Havelock,75,US,1559412076,61,34.88,-76.9,82.0,4.7
Senanga,0,ZM,1559412077,29,-16.1,23.3,65.21,3.76
Abhar,0,IR,1559412077,45,36.14,49.22,55.85,3.47
Alexandria,20,US,1559411893,52,31.31,-92.44,90.0,5.82
Eregli,53,TR,1559412077,30,37.51,34.05,74.75,3.42
Sabha,1,LY,1559412078,26,27.03,14.43,89.51,14.58
Shimoda,92,JP,1559412078,71,34.7,138.93,66.29,3.2
Chanika,56,MW,1559412078,67,-12.93,34.19,58.55,3.38
Pidhaytsi,75,UA,1559412079,60,49.27,25.13,69.8,4.47
At-Bashi,100,KG,1559412079,64,41.17,75.81,53.51,2.13
Vitim,37,RU,1559412079,52,59.44,112.57,47.93,2.8
Atambua,77,ID,1559412079,73,-9.11,124.89,81.23,21.94
Bonavista,97,CA,1559412080,86,48.65,-53.11,37.99,3.0
Pandan,73,PH,1559412080,79,11.72,122.09,85.37,15.21
Dubbo,0,AU,1559412080,87,-32.25,148.6,46.4,11.41
Jieshi,99,CN,1559412081,84,22.82,115.83,78.89,3.29
Camacha,0,PT,1559412081,64,33.08,-16.33,86.0,18.34
Matara,0,PE,1559412081,41,-13.74,-72.9,59.0,6.93
Sunland Park,20,US,1559412082,37,31.8,-106.58,88.0,10.29
Tarpon Springs,90,US,1559412082,55,28.15,-82.76,96.01,9.17
Horsham,18,AU,1559412082,95,-36.71,142.2,45.59,3.31
San Policarpo,70,PH,1559412082,79,12.18,125.51,84.65,10.11
Yumen,1,CN,1559412083,15,40.29,97.04,69.71,6.4
Benjamin Constant,73,BR,1559412083,48,-4.38,-70.03,93.47,2.8
Aitape,78,PG,1559412084,76,-3.15,142.36,81.41,9.62
Ridgecrest,1,US,1559412084,22,35.62,-117.67,82.99,4.7
Road Town,40,VG,1559412084,66,18.42,-64.62,84.2,16.11
Sabaudia,40,IT,1559412084,60,41.3,13.03,71.6,6.93
Beringovskiy,79,RU,1559412085,74,63.05,179.32,41.45,3.29
Komsomolskiy,98,RU,1559412085,85,67.55,63.78,34.43,13.73
Bontang,100,ID,1559412086,97,0.12,117.47,73.67,1.23
Vung Tau,80,VN,1559412086,72,10.35,107.08,85.37,7.27
Trairi,63,BR,1559412086,74,-3.28,-39.27,83.21,7.09
North Myrtle Beach,40,US,1559412086,47,33.83,-78.68,87.01,3.36
Lensk,1,RU,1559412087,60,60.71,114.91,48.65,3.02
Krasnoturansk,40,RU,1559412087,93,54.32,91.57,53.6,2.24
Cotonou,20,BJ,1559412087,83,6.37,2.43,82.4,8.05
Pemba,40,MZ,1559412088,83,-12.97,40.52,77.0,8.05
Taltal,0,CL,1559412088,51,-25.41,-70.49,67.01,8.95
Alamos,0,AR,1559412088,55,-36.9,-62.36,61.43,8.9
Beboto,50,TD,1559412088,41,8.27,16.94,90.77,2.84
Kolokani,61,ML,1559412089,14,13.58,-8.03,103.73,5.12
Olinda,40,EC,1559412089,62,-2.03,-79.75,89.01,3.36
Kalianget,76,ID,1559412089,92,-7.35,109.91,70.43,1.79
Padang,100,ID,1559412089,77,-0.92,100.36,81.23,2.53
New Richmond,1,CA,1559412090,38,48.17,-65.87,59.0,10.29
Yumbe,99,UG,1559412090,92,3.47,31.25,66.11,5.3
Sulat,87,PH,1559412090,99,11.81,125.45,74.75,2.82
Cabedelo,40,BR,1559412091,62,-6.97,-34.84,86.0,9.17
Halifax,40,CA,1559412091,34,44.65,-63.58,72.0,14.99
Vathi,40,GR,1559412091,56,35.36,23.6,71.6,12.75
Charters Towers,97,AU,1559412092,75,-20.07,146.27,57.29,12.86
Dawlatabad,14,AF,1559412092,32,36.41,64.91,78.35,11.81
Houma,0,CN,1559412092,32,35.63,111.36,69.17,4.23
Lobito,69,AO,1559412092,78,-12.35,13.55,72.23,5.35
Ayr,40,GB,1559412093,77,55.46,-4.63,64.0,12.75
Opuwo,0,NA,1559411815,24,-18.06,13.84,72.41,6.85
Bredy,79,RU,1559412093,68,52.43,60.33,68.45,7.7
Flin Flon,20,CA,1559412094,39,54.77,-101.88,50.0,8.05
Van Wert,1,US,1559412094,54,40.86,-84.58,82.99,9.17
Spearfish,1,US,1559411880,52,44.49,-103.86,66.99,4.7
Kapuskasing,75,CA,1559412094,40,49.42,-82.43,53.6,9.17
Sabla,99,NG,1559412095,43,12.75,4.71,91.85,8.72
Rosa Zarate,100,EC,1559412095,62,0.33,-79.47,85.37,3.67
Howard Springs,40,AU,1559412095,40,-12.5,131.05,73.4,8.05
College,90,US,1559412096,93,64.86,-147.8,54.0,19.46
Tual,36,ID,1559412096,81,-5.67,132.75,82.67,19.82
Inirida,98,CO,1559412096,50,3.87,-67.92,91.85,3.71
Galle,75,US,1559412097,62,29.74,-97.91,90.0,8.05
Leninskoye,0,RU,1559412097,81,54.82,82.85,42.8,2.24
Nchelenge,63,ZM,1559412097,54,-9.35,28.74,70.25,6.02
Whitehorse,90,CA,1559411947,57,60.72,-135.06,52.0,3.36
Smoky Lake,87,CA,1559412098,54,54.11,-112.47,72.0,5.01
Rio Grande,75,BR,1559412007,60,-32.03,-52.1,68.0,4.7
Sabang,75,PH,1559412098,78,13.72,123.58,84.47,8.95
San Carlos de Bariloche,75,AR,1559412098,81,-41.13,-71.31,44.6,25.28
Mocuba,1,MZ,1559412099,95,-16.84,36.99,64.13,3.6
Jiexiu,0,CN,1559412099,20,37.02,111.92,68.45,5.73
Belmonte,14,PT,1559412099,28,40.36,-7.35,86.0,3.0
Palana,88,RU,1559412100,89,59.08,159.95,43.97,6.58
Lingao,100,CN,1559412100,79,19.91,109.69,82.85,7.11
Mazatlan,90,MX,1559411886,78,23.22,-106.42,82.99,5.82
Zelenoborskiy,97,RU,1559412101,49,66.84,32.36,49.37,9.42
Sola,90,FI,1559412101,50,62.78,29.36,57.2,8.05
Tabou,100,CI,1559412101,97,4.42,-7.36,74.21,3.44
Cosenza,40,IT,1559412101,72,39.31,16.25,66.2,11.41
Praia da Vitoria,75,PT,1559412102,69,38.73,-27.07,77.0,14.85
Lorengau,100,PG,1559412102,89,-2.02,147.27,78.71,6.71
Antofagasta,40,CL,1559411898,72,-23.65,-70.4,70.0,10.29
Meulaboh,100,ID,1559412102,78,4.14,96.13,81.77,7.0
Nizwa,0,OM,1559412103,10,22.93,57.53,90.77,1.68
Bako,40,NG,1559412103,70,9.68,6.4,84.2,11.41
Springdale,1,US,1559412009,54,36.19,-94.13,86.0,6.93
Bubaque,9,GW,1559412104,79,11.28,-15.83,79.61,13.18
Tautira,75,PF,1559412104,73,-17.73,-149.15,77.0,1.12
Blythe,1,US,1559412104,18,33.61,-114.59,90.0,5.82
Visby,0,SE,1559412105,77,57.64,18.3,61.0,14.99
Novyye Gorki,13,RU,1559412105,80,56.73,41.06,55.49,4.05
Tubuala,75,PA,1559412105,100,9.52,-79.03,75.2,9.17
Suez,3,EG,1559412105,30,29.97,32.54,83.39,12.46
El Chimbo,75,HN,1559412106,42,14.13,-87.12,86.0,4.7
Chulumani,15,BO,1559412106,36,-16.41,-67.53,51.35,2.66
Kavaratti,94,IN,1559412107,68,10.57,72.64,86.63,2.59
Fergus Falls,1,US,1559412107,34,46.28,-96.08,64.4,11.41
Taksimo,0,RU,1559412107,61,56.36,114.84,38.93,2.84
Yinchuan,81,CN,1559412107,12,38.48,106.21,68.0,1.99
Yurga,56,RU,1559412108,66,55.71,84.93,44.33,3.62
Marica,20,BR,1559412108,78,-22.92,-42.82,87.8,13.87
Vao,100,EE,1559412108,64,59.1,26.19,56.21,7.07
Cartagena,0,ES,1559412108,56,37.63,-1.0,80.6,10.29
Dyersburg,1,US,1559412109,48,36.03,-89.39,86.0,9.17
Mathathane,0,BW,1559412109,51,-22.27,28.75,60.89,4.07
Apiai,87,BR,1559412109,98,-24.51,-48.84,65.75,1.95
Parana,75,BR,1559412110,66,-7.52,-72.89,87.8,1.74
Vysokogornyy,97,RU,1559412110,98,50.1,139.13,42.89,4.72
San Jose,96,PH,1559411841,75,15.79,120.99,82.13,2.28
